{
  "addons": {
    "{0b6fe677-8a26-45ca-8447-d0537f45c3da}": {
      "updates": [
        {
          "version": "0.1",
          "update_link": "https://github.com/fdeguibert/scriptPriseDeGarde.github.io/raw/main/resources/firefox_extension/web-ext-artifacts/inspyrehelper-0.1-an+fx.xpi"
        },
        {
          "version": "0.2",
          "update_link": "https://github.com/fdeguibert/scriptPriseDeGarde.github.io/raw/main/resources/firefox_extension/web-ext-artifacts/inspyrehelper-0.2-an+fx.xpi"
        },
        {
          "version": "0.3",
          "update_link": "https://github.com/fdeguibert/scriptPriseDeGarde.github.io/raw/main/resources/firefox_extension/web-ext-artifacts/inspyrehelper-0.3"
        }
      ]
    }
  }
}
